id-berita,url,content per paragraf,content_stopwords
229,https://tekno.sindonews.com/read/807727/776/pengertian-absen-online-dan-kelebihannya-dibandingkan-absen-manual-1656061588,"Manfaat Absen Online. Secara umum, absen online memiliki manfaat yang sama dengan jenis absen lainnya, yakni memberikan laporan kehadiran karyawan setiap harinya. Ada beberapa manfaat lainnya yang hanya dimiliki oleh sistem absen online, yakni : 1. Lebih mudah melakukan monitor data dan mengukur data kehadiran karyawan hanya melalui sistem. Tentu saja data yang masuk adalah data yang akurat dan real time saat itu juga ketika karyawan melakukan absensi sehingga tak perlu diragukan validitasnya. 2. Sistem akan melakukan analisis secara menyeluruh sehingga dapat dijadikan bahan pertimbangan untuk menyetujui atau menolak request cuti karyawan keahlian dan kinerja karyawan, kebijakan perusahaan, serta pertimbangan lainnya.",manfaat absen online absen online milik manfaat jenis absen lapor hadir karyawan manfaat milik sistem absen online mudah laku monitor data ukur data hadir karyawan sistem data masuk data akurat real time karyawan laku absensi ragu validitas sistem laku analisis bahan timbang tuju tolak request cuti karyawan ahli kerja karyawan bijak usaha timbang
231,https://tekno.sindonews.com/read/799655/776/manfaatkan-fitur-assistive-ball-di-oppo-a96-lakukan-banyak-hal-hanya-dengan-satu-jari-1655352411,Berikut ini adalah berbagai macam fungsi yang bisa didiakses menggunakan fitur Assistive Ball: - Kembali ke halaman sebelumnya. - Buka Layar Beranda. - Lihat Recent Task. - Buka Pusat Pemberitahuan. - Mengunci layar. - Mode Operasi Satu Tangan. - Ambil screenshot / tangkapan layar.,fungsi akses fitur assistive ball - halaman - buka layar beranda - lihat recent task - buka pusat - kunci layar - mode operasi tangan - ambil screenshot tangkap layar
232,https://tekno.sindonews.com/read/799617/776/seberapa-kuat-baterai-oppo-a-series-1655348814,"OPPO melengkapi A55 dengan baterai 5000mAh yang sudah dilengkapi 18 Watt Fast Charge. Dengan ini, perangkat dapat mengisi ulang hingga 33% hanya dalam waktu 30 menit. Di atas kertas, OPPO A55 mampu melakukan streaming video daring hingga 16,3 jam. Dengan mengaktifkan Mode Hemat Daya Super, daya 5% dapat bertahan untuk melakukan panggilan telepon selama 88 menit. Baterai OPPO A76 juga berkapasitas 5000mAh dan sudah mendukung pengisian daya cepat 33W SUPERVOOC. Pengisian 5 menit saja mampu untuk melakukan panggilan telepon hingga 3 jam.",oppo lengkap a baterai mah lengkap watt fast charge perangkat isi ulang menit kertas oppo a laku streaming video daring jam aktif mode hemat daya super daya tahan laku panggil telepon menit baterai oppo a kapasitas mah dukung isi daya cepat w supervooc isi menit laku panggil telepon jam
235,https://tekno.sindonews.com/read/787787/776/zipmex-dan-komunitas-nft-kaiju-kingz-adakan-gathering-pertama-di-indonesia-1654257970,"Kaiju Kingz adalah seri NFT besutan Augminted Labs yang terdiri dari 3.333 pixel art yang dapat dikoleksi pegiat seni dan aset kripto. Koleksi Kaiju Kingz terbagi menjadi tiga kategori: Genesis Kaijuz, Baby Kaijuz, dan Mutant. Setiap harinya, koleksi Genesis Kaijuz bisa menghasilkan lima token $RWASTE yang dapat digunakan untuk menciptakan koleksi Baby Kaijuz dengan menggabungkan DNA dari dua Genesis Kaijuz. Pada 18 Oktober 2021, koleksi Kaiju King #0 terjual seharga 50 ETH atau setara dengan Rp272,4 juta pada saat penjualan.",kaiju kingz seri nft besut augminted labs pixel art koleksi giat seni aset kripto koleksi kaiju kingz kategori genesis kaijuz baby kaijuz mutant koleksi genesis kaijuz hasil token rwaste cipta koleksi baby kaijuz gabung dna genesis kaijuz oktober koleksi kaiju king jual harga eth tara rp juta jual
240,https://tekno.sindonews.com/read/757169/776/ini-6-merk-laptop-terbaik-untuk-mahasiswa-harga-murah-spesifikasi-melimpah-1651147480,"1. Gebrakan Acer, Produksi Laptop Ramah Lingkungan Aspire Vero. Perkembangan teknologi yang semakin pesat membuat merek-merek laptop terkemuka berlomba-lomba untuk menciptakan laptop paling canggih, salah satunya adalah Acer. Dari sekian banyak gebrakan yang sedang diciptakan, salah satu gebrakan terbaik dan menjadi jagoan dari Acer adalah laptop ramah lingkungan, Acer Aspire Vero. Laptop Acer Aspire Vero juga disebut sebagai laptop hijau, karena komposisi material kerangka laptop yang terbuat dari plastik daur ulang Post Consumer Recycled (PCR). Hal ini dapat ditemukan dari komposisi kerangka material laptop yang beradal dari 30% Post-Consumer Recycled dan juga keyboardnya dengan jumlah 50% Post-Consumer Recycled sebagai bahan pembuatan. Desain dari laptop ini juga unik dengan warna abu-abu natural yang tidak menggunakan cat serta bintik kuning. Selain itu, laptop ini juga memiliki penempatan huruf R dan E yang terbalik dan memiliki tanda berwarna kuning, yang dapat diartikan sebagai REduce, REuse, dan REcycle. Walaupun digadang sebagai laptop daur ulang, Acer tidak menghilangkan titel laptop performa terjangkau pada Acer Aspire Vero. Hal ini terbukti dari prosesor yang disematkan pada Acer Aspire Vero yang didukung oleh prosesor Intel® Core™ i5-1155G7 Generasi ke-11 dan Grafis Intel® Iris® Xe yang dapat memaksimalkan serta mengoptimalkan kerja laptop untuk memenuhi kebutuhan penggunaan laptop harian. Dengan RAM yang dapat di upgrade hingga 24GB, laptop ini ,menjadi salah satu laptop performa yang dapat diandalkan. Terakhir, untuk memaksimalkan performa laptop, Acer Aspire Vero didukung dengan layar panel IPS 15.6 inci yang telah beresolusi Full HD. Tak lupa pula, fitur Acer TrueHarmony™ serta Acer PurifiedVoice™ juga ditambahkan sebagai pelengkap untuk menghasilkan suara lebih jernih dan jelas pada Acer Aspire Vero.",gebrak acer produksi laptop ramah lingkung aspire vero kembang teknologi pesat merek laptop muka lomba cipta laptop canggih salah acer sekian gebrak cipta salah gebrak jago acer laptop ramah lingkung acer aspire vero laptop acer aspire vero laptop hijau komposisi material kerangka laptop plastik daur ulang post consumer recycled pcr temu komposisi kerangka material laptop badal post-consumer recycled keyboardnya post-consumer recycled bahan desain laptop unik warna abu natural cat bintik kuning laptop milik huruf r e milik tanda warna kuning arti reduce reuse recycle gadang laptop daur ulang acer hilang titel laptop performa jangkau acer aspire vero bukti prosesor semat acer aspire vero dukung prosesor intel core i-g generasi ke- grafis intel iris xe maksimal optimal kerja laptop penuh butuh laptop ram upgrade gb laptop salah laptop performa andal maksimal performa laptop acer aspire vero dukung layar panel ips inci resolusi full hd lupa fitur acer trueharmony acer purifiedvoice lengkap hasil suara jernih acer aspire vero
253,https://tekno.sindonews.com/read/741011/776/huawei-resmi-luncurkan-huawei-matebook-d14-matebook-d15-laptop-dengan-desain-premium-untuk-produktivitas-serba-cepat-1649747100,"Baik HUAWEI MateBook D14 (layar penuh 14 inci) maupun HUAWEI MateBook D15 (layar penuh 15,6 inci) terbaru sama-sama dirancang sebagai perangkat entry level dengan gaya berkelas dan manfaat terdepan bagi konsumen muda. Kedua laptop ini memiliki layar full-screen, dengan body tipis dan ringan, serta memiliki kemampuan interaktif yang bertenaga. Seperti seri-seri pendahulunya, seri laptop terbaru ini juga didesain agar ‘tahan banting’ terhadap berbagai skenario pemakaian berkat kinerja kuat dengan sistem perangkat lunak yang mudah di-upgrade hingga kualitas build yang mampu meminimalisir kerusakan akibat benturan dan goresan. Keduanya ditenagai oleh prosesor Intel® Core™ i5 generasi ke-11 dan Windows 11 operating system yang mampu menjadikan kinerja dan tingkat responsifnya lebih optimal sekaligus efisien, termasuk saat beroperasi pada frekuensi lebih tinggi sekalipun.",huawei matebook d layar penuh inci huawei matebook d layar penuh inci rancang perangkat entry level gaya kelas manfaat konsumen muda laptop milik layar full-screen body tipis ringan milik interaktif tenaga seri seri laptop desain tahan banting hadap skenario pakai berkat kerja kuat sistem perangkat lunak mudah di-upgrade kualitas build meminimalisir rusak akibat bentur gores tenaga prosesor intel core i generasi ke- windows operating system kerja tingkat responsif optimal efisien masuk operasi frekuensi
253,https://tekno.sindonews.com/read/741011/776/huawei-resmi-luncurkan-huawei-matebook-d14-matebook-d15-laptop-dengan-desain-premium-untuk-produktivitas-serba-cepat-1649747105,"2. Tetap Nyaman Meski Berjam-Jam di Depan Layar. Kedua laptop ini juga hadir dengan fitur keamanan mata Flicker-Free dan Low Blue Light Certification yang tersertifikasi oleh TÜV Rheinland, yang memungkinkan para pengguna untuk tetap nyaman dalam menggunakan laptop dan mengurangi ketegangan di mata pengguna walau digunakan secara berjam-jam. Selain itu, laptop entry level ini juga memiliki tingkat privasi yang lebih baik dengan recessed camera yang disematkan dalam keyboard, yang jarang ditemukan pada laptop dikelasnya.",nyaman jam layar laptop hadir fitur aman mata flicker-free low blue light certification tersertifikasi t v rheinland nyaman laptop tegang mata jam laptop entry level milik tingkat privasi recessed camera semat keyboard jarang temu laptop kelas
254,https://tekno.sindonews.com/read/734955/776/acer-aspire-vero-laptop-10-jutaan-yang-ramah-lingkungan-1649221473,"Laptop Terbaik Ramah Lingkungan. Sedikit disinggung sebelumnya, laptop Acer ini memiliki keunggulan utama sangat eco-friendly alias ramah lingkungan. Baik itu material pembuatnya, software-nya, sampai dengan kemasannya. Dari segi material, Acer Aspire Vero ini memanfaatkan bahan material plastik Post-Consumer Recycled atau PCR. Dengan komposisi material untuk rangkanya 30% plastik PCR dan 50% di tombol keyboard atau keycap. Dengan material PCR yang mendominasi, digadang-gadang laptop Acer ini bisa menghemat 21 persen emisi gas karbondioksida jika dibandingkan dengan laptop sejenis yang menggunakan plastik murni.",laptop ramah lingkung singgung laptop acer milik unggul utama eco-friendly alias ramah lingkung material software-nya kemas segi material acer aspire vero manfaat bahan material plastik post-consumer recycled pcr komposisi material rangka plastik pcr tombol keyboard keycap material pcr dominasi gadang laptop acer hemat persen emisi gas karbondioksida banding laptop jenis plastik murni
254,https://tekno.sindonews.com/read/734955/776/acer-aspire-vero-laptop-10-jutaan-yang-ramah-lingkungan-1649221473,"Desain Keyboard Unik Sarat Pesan. Hal lainnya yang cukup menarik perhatian dari laptop Acer ini adalah desain keyboard yang unik. Masih mengusung tema eco-friendly, laptop ini memiliki letak tombol yang unik di bagian R dan E, posisinya berlawanan dibandingkan laptop pada umumnya. Warnanya juga berbeda dari huruf lainnya. Jika lainnya memiliki warna abu-abu, huruf R dan E arah berlawanan tersebut berwarna kuning.",desain keyboard unik sarat pesan tarik perhati laptop acer desain keyboard unik usung tema eco-friendly laptop milik letak tombol unik r e posisi lawan banding laptop warna beda huruf milik warna abu huruf r e arah lawan warna kuning
256,https://tekno.sindonews.com/read/715303/776/gandeng-senayan-city-biznet-gelar-sentra-vaksinasi-booster-untuk-masyarakat-1647493407,"Untuk memudahkan dalam pelaksanaan vaksin booster ini, masyarakat wajib mendaftarkan diri terlebih dahulu dengan mengisi registrasi secara online melalui website http://vaksin.senayancity.com. Bagi yang telah mengisi formulir dengan lengkap akan mendapatkan email konfirmasi dari Senayan City dan wajib datang sesuai jadwal yang telah dipilih. Senayan City tidak melayani walk-in ataupun masyarakat yang tidak terdaftar melalui formulir elektronik. Untuk informasi lebih lanjut, silakan kunjungi senayancity.com/.",mudah laksana vaksin booster masyarakat wajib daftar isi registrasi online website http vaksin senayancity com isi formulir lengkap email konfirmasi senayan city wajib sesuai jadwal pilih senayan city layan walk-in masyarakat daftar formulir elektronik informasi sila kunjung senayancity com
256,https://tekno.sindonews.com/read/715303/776/gandeng-senayan-city-biznet-gelar-sentra-vaksinasi-booster-untuk-masyarakat-1647493407,"“Selain masyarakat umum, kami juga mengajak pelanggan Biznet, karyawan Biznet serta rekan media untuk ikut berpartisipasi dalam pelaksanaan vaksinasi booster ini. Selain itu, Biznet juga menyediakan layanan Internet WiFi gratis yang dapat digunakan oleh peserta vaksinasi selama menunggu giliran untuk divaksin. Dan juga selama acara berlangsung tentu kami tetap menerapkan protokol kesehatan,” tutup Adi. Terus dukung dan jadilah bagian dalam program Pemerintah DKI Jakarta dengan #SUKSESKANVAKSINASI #JAKARTATANGGAPCORONA #BERSAMAKITABISA #JAKARTABANGKIT.",masyarakat ajak langgan biznet karyawan biznet rekan media partisipasi laksana vaksinasi booster biznet sedia layan internet wifi gratis vaksinasi tunggu gilir vaksin acara langsung terap protokol sehat tutup adi dukung program perintah dki jakarta sukseskanvaksinasi jakartatanggapcorona bersamakitabisa jakartabangkit
260,https://tekno.sindonews.com/read/702041/776/asus-expertbook-b5-flip-adalah-laptop-convertible-untuk-pebisnis-yang-dinamis-1646291011,"Layar Convertible. ASUS ExpertBook B5 Flip (B5302F) hadir dengan desain convertible, artinya layarnya dapat diputar hingga 360° dan memungkinkan pengoperasian dalam mode tablet. Selain telah mendukung fitur touchscreen, layar ExpertBook B5 Flip (B5302F) yang memiliki ukuran 13-inci tersebut juga hadir dengan screen-to-body ratio hingga 78% serta color gamut 100% sRGB. Fleksibilitas merupakan keunggulan utama pada layar ExpertBook B5 Flip (B5302F).",layar convertible asus expertbook b flip bf hadir desain convertible arti layar putar operasi mode tablet dukung fitur touchscreen layar expertbook b flip bf milik ukur -inci hadir screen-to-body ratio color gamut srgb fleksibilitas rupa unggul utama layar expertbook b flip bf
260,https://tekno.sindonews.com/read/702041/776/asus-expertbook-b5-flip-adalah-laptop-convertible-untuk-pebisnis-yang-dinamis-1646291011,ASUS merancang ExpertBook B5 Flip (B5302F) sebagai perangkat yang memudahkan berbagai urusan bisnis penggunanya. Untuk itulah laptop ini dilengkapi dengan teknologi Two-Way AI Noise-Cancelling. Teknologi tersebut memungkinkan suara bising di sekitar pengguna ExpertBook B5 Flip (B5302F) dapat diredam sehingga sesi online meeting dapat selalu berjalan dengan lancar. Teknologi Two-Way AI Noise-Cancelling juga memungkinkan pengguna ExpertBook B5 Flip (B5302F) untuk melakukan online meeting di tempat bising seperti bandara saat sedang melakukan perjalanan bisnis.,asus rancang expertbook b flip bf perangkat mudah urus bisnis laptop lengkap teknologi two-way ai noise-cancelling teknologi suara bising expertbook b flip bf redam sesi online meeting jalan lancar teknologi two-way ai noise-cancelling expertbook b flip bf laku online meeting bising bandara laku jalan bisnis
261,https://tekno.sindonews.com/read/695193/776/teknologi-heat-transfer-s22-series-5g-tidak-mudah-panas-1645668163,"Teknologi smartphone saat ini terus berkembang pesat dan punya fungsi serba bisa dan punya kemampuan mumpuni untuk mendukung berbagai aktivitas harian. Bisa untuk membuat konten berkualitas untuk media sosial hingga membantu menyelesaikan pekerjaan. Nah, Samsung Galaxy S22 Series 5G hadir untuk menjawab semua kebutuhan kamu dengan sejumlah fitur terbaik. Galaxy S22 Series 5G sudah didukung dengan chipset terbaru yang tak hanya powerful, namun juga mendukung jaringan 5G yang ada di Indonesia. Konektivitas 5G sendiri bakal berikan banyak benefit kepada pengguna Galaxy S22 Series 5G. Kecepatan unduh (download) dan unggah (upload) lebih cepat membuat kreator konten bisa mengirimkan video dalam resolusi 4K secara instan.",teknologi smartphone kembang pesat fungsi serba mumpuni dukung aktivitas konten kualitas media sosial bantu selesai kerja samsung galaxy s series g hadir butuh fitur galaxy s series g dukung chipset powerful dukung jaring g indonesia konektivitas g ikan benefit galaxy s series g cepat unduh download unggah upload cepat kreator konten kirim video resolusi k instan
266,https://tekno.sindonews.com/read/684945/776/abadikan-momen-valentine-dengan-samsung-s-series-berbasis-al-1644750151,"Menjelang Hari Valentine, Samsung Electronics memperkenalkan produk terbaru mereka. Di antaranya Samsung Galaxy S22 5G dan S22+ 5G pada Rabu, 9 Februari 2022, di Seoul, Korea Selatan. Produsen smartphone asal Korea Selatan itu mengklaim Samsung Galaxy S22 5G dan S22+ 5G mampu menciptakan, mengabadikan, dan membagikan momen terbaik dengan fitur kamera level pro berbasis AI di Galaxy S Series terbarunya.",jelang valentine samsung electronics kenal produk samsung galaxy s g s g rabu februari seoul korea selatan produsen smartphone korea selatan klaim samsung galaxy s g s g cipta abadi momen fitur kamera level pro basis ai galaxy s series
269,https://tekno.sindonews.com/read/673687/776/epson-luncurkan-printer-tekstil-monna-lisa-evo-tre-16-di-bajukertas-co-1643713323,"“Saat ini kan industri fashion bergerak sangat cepat. Kalau dulu produk fashion ini diproduksi per musim, sekarang bisa dua kali dalam sepekan mereka produksi keluaran terbarunya. Otomatis dari sisi produksi kami harus bisa mengikuti tren dan ekspektasi market yang begitu cepat. Produksi secara digital ini menjadi solusi untuk kami,” ujar Yoga. Perangkat lunak Epson Edge Print Textile RIP yang dijalankan pada printer Monna Lisa pun dikembangkan sendiri sebagai bagian dari Total Textile Solution. Hal ini menjadi dukungan holistik bagi pelanggan untuk pra-perawatan, printer, tinta, peralatan insidental, instalasi, dan layanan Epson sendiri.",industri fashion gerak cepat produk fashion produksi musim kali pekan produksi otomatis sisi produksi tren ekspektasi market cepat produksi digital solusi yoga perangkat lunak epson edge print textile rip jalan printer monna lisa kembang total textile solution dukung holistik langgan pra-perawatan printer tinta alat insidental instalasi layan epson
271,https://tekno.sindonews.com/read/655545/776/6-merk-laptop-terbaik-untuk-mahasiswa-harga-murah-spesifikasi-melimpah-1642050071,"4. Laptop Lenovo Yoga C930 Laptop Lenovo Yoga C930 menjadi laptop berikutnya yang masuk dalam jajaran merk laptop terbaik 2022 yang cocok untuk mahasiswa dan juga pelajar. Laptop kelas premium Lenovo ini menghadirkan 3 pilihan mode pemakaian yakni mode tablet garaged pen, mode tent dan mode stand yang dapat diputar 360 derajat. Laptop hybrid pabrikan Lenovo ini dibekali dengan layar Touchscreen sebesar 13.9 inchi full HD 1920 x 1080 piksel atau 4K 3840 x 2160 piksel menjanjikan tampilan layar begitu jernih dan ciamik. Sedangkan sisi kinerja ditopang oleh prosesor Intel core i7 8th Gen, kapasitas RAM jumbo 16GB serta internal memory hingga 2TB SSD. Laptop terbaik Lenovo Yoga C930 memiliki dimensi 32.2 cm x 22.7 cm x 1.45 cm serta bobot yang ringan hanya 1.38 kg yang mudah dibawa kemana saja. Laptop dengan desain mewah, fitur melimpah serta bobot ringan yang perfect untuk para makasiswa dan pelajar masa kini.",laptop lenovo yoga c laptop lenovo yoga c laptop masuk jajar merk laptop cocok mahasiswa ajar laptop kelas premium lenovo hadir pilih mode pakai mode tablet garaged pen mode tent mode stand putar derajat laptop hybrid pabrikan lenovo bekal layar touchscreen inchi full hd x piksel k x piksel janji tampil layar jernih ciamik sisi kerja topang prosesor intel core i th gen kapasitas ram jumbo gb internal memory tb ssd laptop lenovo yoga c milik dimensi cm x cm x cm bobot ringan kg mudah bawa laptop desain mewah fitur limpah bobot ringan perfect makasiswa ajar
272,https://tekno.sindonews.com/read/653809/776/ini-10-tren-teknologi-terdepan-prediksi-alibaba-1641891691,"#8 Perceptive Soft Robotic Tidak seperti robot konvensional pada umumnya, perceptive soft robotic adalah robot dengan tubuh yang fleksibel secara fisik dan kepekaan yang mengalami peningkatan pada tekanan, penglihatan, dan suara. Robot-robot ini memanfaatkan teknologi canggih seperti fleksibel pada elektronika, materi tubuh yang bebas tekanan, dan AI, yang memungkinkan robot-robot itu melakukan aktivitas khusus dan kompleks serta melakukan penyesuain bentuk agar adaptif dengan lingkungan fisik yang berbeda. Kemunculan perceptive soft robotic akan mengubah arah industri manufaktur, dari produksi massal produk terstandarisasi menjadi produk khusus dalam jumlah kecil. Dalam lima tahun ke depan, perceptive soft robotic akan menggantikan robot konvensional di industri manufaktur dan membuka jalan bagi penggunaan service robot yang lebih luas dalam kehidupan sehari-hari.",perceptive soft robotic robot konvensional perceptive soft robotic robot tubuh fleksibel fisik peka alam tingkat tekan lihat suara robot manfaat teknologi canggih fleksibel elektronika materi tubuh bebas tekan ai robot laku aktivitas khusus kompleks laku penyesuain bentuk adaptif lingkung fisik beda muncul perceptive soft robotic ubah arah industri manufaktur produksi massal produk standar produk khusus perceptive soft robotic ganti robot konvensional industri manufaktur buka jalan service robot luas hidup
274,https://tekno.sindonews.com/read/638045/776/asus-expertbook-b7-flip-b7402-laptop-5g-convertible-premium-untuk-bisnis-1640329976,"ASUS meluncurkan laptop seri konvertibel 2-in-1 untuk segmen bisnis. Hadir dalam wujud ExpertBook B7 Flip (B7402), laptop ini merupkana laptop lipat premium kelas enterprise yang didesain untuk mengakselerasikan bisnis Anda. Dengan laptop yang satu ini, produktivitas saat bepergian lebih mudah dari sebelumnya dengan koneksi data secepat kilat yang juga berfungsi ganda sebagai jaringan aman pribadi, memungkinkan semua orang bekerja tanpa batas. Desain 360 derajat flippable juga menghilangkan batasan tradisional untuk menyediakan lingkungan kerja yang imersif untuk semua kebutuhan bisnis. Artinya, ExpertBook B7 Flip siap membantu setiap organisasi mempercepat produktivitas, pertumbuhan, dan meraih keberhasilan.",asus luncur laptop seri konvertibel -in- segmen bisnis hadir wujud expertbook b flip b laptop merupkana laptop lipat premium kelas enterprise desain akselerasi bisnis laptop produktivitas pergi mudah koneksi data cepat kilat fungsi ganda jaring aman pribadi orang kerja batas desain derajat flippable hilang batas tradisional sedia lingkung kerja imersif butuh bisnis arti expertbook b flip bantu organisasi cepat produktivitas tumbuh raih hasil
275,https://tekno.sindonews.com/read/635979/776/yuk-beri-kado-produk-ekosistem-terbaik-xiaomi-untuk-ibu-1640157127,"Rangkaian produk ekosistem yang ditawarkan oleh Xiaomi bisa jadi pilihan menarik bagi kamu yang ingin memberi kado terbaik buat ibu. Rangkaian produk ekosistem Xiaomi ini sangat menyenangkan untuk memanjakan diri saat menikmati liburan akhir tahun di rumah saja. Xiaomi Indonesia menyodorkan tiga kategori untuk referensi kado untuk ibu, yakni ide produk menyambut resolusi tahun baru, perangkat untuk menemani pergantian tahun, dan ide kado tahun baru untuk rumah yang nyaman.",rangkai produk ekosistem tawar xiaomi pilih tarik kado rangkai produk ekosistem xiaomi senang manja nikmat libur rumah xiaomi indonesia sodor kategori referensi kado ide produk sambut resolusi perangkat teman ganti ide kado rumah nyaman
278,https://tekno.sindonews.com/read/624421/776/asus-expertbook-b9400-laptop-bisnis-premium-dengan-daya-tahan-baterai-20-jam-1639123972,"Agar cukup kuat untuk semua perjalanan Anda, ExpertBook B9 dibangun secara kokoh dengan paduan magnesium-lithium dan penguatan struktural untuk meningkatkan kekuatan sasis. Laptop ini memenuhi tes militer AS MIL-STD 810H tingkat berikutnya dan terdepan di industri, yang lebih ketat dan menuntut daripada sebelumnya. Laptop ini juga menjalani pengujian internal yang ketat termasuk uji tekanan panel, guncangan dan jatuh untuk memastikan daya tahan, jadi tidak perlu khawatir tentang benturan dan benturan sehari-hari.",kuat jalan expertbook b bangun kokoh padu magnesium-lithium kuat struktural tingkat kuat sasis laptop penuh tes militer as mil-std h tingkat industri ketat tuntut laptop jalan uji internal ketat masuk uji tekan panel guncang jatuh daya tahan khawatir bentur bentur
278,https://tekno.sindonews.com/read/624421/776/asus-expertbook-b9400-laptop-bisnis-premium-dengan-daya-tahan-baterai-20-jam-1639123972,"Audio Khusus untuk Online Conference. ASUS ExpertBook B9400 hadir dengan speaker yang telah mendapatkan sertifikasi dari Harman / Kardon. Selain memiliki kualitas suara yang sangat baik, speaker pada ExpertBook B9400 juga telah dilengkapi dengan fitur Smart Amps Chip. Fitur tersebut memungkinkan speaker dapat mengontrol frekuensi suara secara cerdas sehingga mencegah kerusakan fisik pada speaker. ExpertBook B9400 juga hadir dengan mikrofon yang dirancang khusus untuk kegiatan video conference. ExpertBook B9400 memiliki empat mikrofon yang ditempatkan secara khusus dan dilengkapi dengan 360-degree far field yang memungkinkannya untuk merekam suara lebih jelas. Mikrofon di ExpertBook B9400 dilengkapi dengan teknologi AI Noise Cancelling yang memungkinkan suara di sekitar dapat diredam sehingga tidak mengganggu sesi online conference Anda.",audio khusus online conference asus expertbook b hadir speaker sertifikasi harman kardon milik kualitas suara speaker expertbook b lengkap fitur smart amps chip fitur speaker kontrol frekuensi suara cerdas cegah rusak fisik speaker expertbook b hadir mikrofon rancang khusus giat video conference expertbook b milik mikrofon khusus lengkap -degree far field rekam suara mikrofon expertbook b lengkap teknologi ai noise cancelling suara redam ganggu sesi online conference
278,https://tekno.sindonews.com/read/624421/776/asus-expertbook-b9400-laptop-bisnis-premium-dengan-daya-tahan-baterai-20-jam-1639123972,"Kombinasi keduanya dipadukan dengan performa prosesor 11th Gen Intel Core membuat ExpertBook B9400 dapat memproses data dan menjalankan berbagai aplikasi penunjang bisnis dengan sangat gesit. ExpertBook B9400 pun dapat diandalkan sepanjang waktu. ExpertBook B9400 juga merupakan laptop yang tervalidasi Intel EVO, yang menandakan bahwa laptop ini memenuhi standar kualifikasi dari Intel sebagai laptop modern. Beberapa persyaratan yang harus dipenuhi oleh sebuah laptop untuk memenuhi validasi Intel EVO di antaranya adalah performa gesit dan responsif ditenagai oleh prosesor 11th Gen Intel Core, memiliki daya tahan baterai minimal 10 jam, serta dilengkapi dengan konektivitas modern seperti Thunderbolt 4 dan WiFi 6. Tentu saja ExpertBook B9400 memiliki semua itu.",kombinasi padu performa prosesor th gen intel core expertbook b proses data jalan aplikasi tunjang bisnis gesit expertbook b andal expertbook b rupa laptop tervalidasi intel evo tanda laptop penuh standar kualifikasi intel laptop modern syarat penuh buah laptop penuh validasi intel evo performa gesit responsif tenaga prosesor th gen intel core milik daya tahan baterai minimal jam lengkap konektivitas modern thunderbolt wifi expertbook b milik
283,https://tekno.sindonews.com/read/601229/776/spektakuler-huawei-watch-gt-3-dengan-harmonyos-menjadi-smartwatch-terlaris-dalam-satu-minggu-pasca-peluncuran-1637061074,"Patrick Ru, Country Head Huawei CBG Indonesia menyatakan produk ini dirancang untuk membuat hidup lebih mudah dan lebih nyaman bagi konsumen, serta membantu mereka mencapai tujuan kebugaran menggunakan data ilmiah. “Pemantauan kesehatan dan kebugaran selalu menjadi salah satu kekuatan inti perangkat wearable kami dan kali ini, Huawei menyediakan peningkatan komprehensif untuk seri GT, dengan tambahan TruSeen 5.0+ yang baru,” kata Patrick Ru.Dengan fitur dan akurasinya, HUAWEI WATCH GT 3 cocok untuk pengguna smartwatch baru dan untuk pengguna dengan aktivitas workout progresif. Dengan data yang tercatat secara akurat di jam tangan pintar ini, pengguna akan semakin termotivasi untuk meningkatkan kinerja latihan serta lebih memahami kondisi tubuh.",patrick ru country head huawei cbg indonesia nyata produk rancang hidup mudah nyaman konsumen bantu capai tuju bugar data ilmiah pantau sehat bugar salah kuat inti perangkat wearable kali huawei sedia tingkat komprehensif seri gt truseen patrick ru fitur akurasi huawei watch gt cocok smartwatch aktivitas workout progresif data catat akurat jam tangan pintar motivasi tingkat kerja latih paham kondisi tubuh
283,https://tekno.sindonews.com/read/601229/776/spektakuler-huawei-watch-gt-3-dengan-harmonyos-menjadi-smartwatch-terlaris-dalam-satu-minggu-pasca-peluncuran-1637061074,"7 Fitur HUAWEI WATCH GT 3 pendukung Kesehatan: 1. Pantau Detak Jantung. Anda Memantau detak jantung Anda dapat memberikan wawasan tentang tingkat kebugaran, kesehatan jantung, dan kesehatan emosional Anda. HUAWEI WATCH GT 3 menghadirkan teknologi pemantauan detak jantung HUAWEI TruSeenTM 5.0+ yang baru. Teknologi ini mengadopsi delapan sensor foto dalam tata letak melingkar, dua set sumber cahaya untuk menerima sinyal cahaya dan desain melengkung untuk mewujudkan penetrasi cahaya yang lebih baik, konsumsi daya yang lebih rendah, dan pengalaman memakai yang lebih nyaman.",fitur huawei watch gt dukung sehat pantau detak jantung pantau detak jantung wawas tingkat bugar sehat jantung sehat emosional huawei watch gt hadir teknologi pantau detak jantung huawei truseentm teknologi adopsi delapan sensor foto tata letak lingkar set sumber cahaya terima sinyal cahaya desain lengkung wujud penetrasi cahaya konsumsi daya rendah alam pakai nyaman
283,https://tekno.sindonews.com/read/601229/776/spektakuler-huawei-watch-gt-3-dengan-harmonyos-menjadi-smartwatch-terlaris-dalam-satu-minggu-pasca-peluncuran-1637061074,"4. Menilai Tingkat Kemampuan Pengguna secara Cerdas. Menurut data fisik dan riwayat lari pribadi pengguna, dikombinasikan dengan tujuan pelatihan dan persyaratan performa, Huawei menciptakan sebuah rencana pelatihan yang dipersonalisasi untuk setiap pengguna. Tidak masalah baik seorang pelari tingkat pemula, atau pelari serius yang sedang mempersiapkan kompetisi, atau hanya pelari biasa yang ingin mempertahankan aktivitas fisik, HUAWEI WATCH GT 3 dapat mengembangkan rencana pelatihan yang ditargetkan secara khusus untuk penggunanya. 5. Rencana Latihan dan Olahraga Berkala. Sebagai perangkat smart wearable, HUAWEI WATCH GT 3 merekam dan menganalisis data latihan pengguna, dan secara cerdas mengidentifikasi periode dasar, periode pengangkatan, periode konsolidasi, dan periode pengurangan sesuai dengan tingkat dan tujuan kemampuan atletik pengguna saat ini. Kemudian disesuaikan intensitas latihan dan secara bertahap meningkatkan volume latihan untuk secara bertahap meningkatkan kemampuan berlari penggunanya.",nilai tingkat cerdas data fisik riwayat lari pribadi kombinasi tuju latih syarat performa huawei cipta buah rencana latih personal orang lari tingkat lari serius kompetisi lari tahan aktivitas fisik huawei watch gt kembang rencana latih target khusus rencana latih olahraga perangkat smart wearable huawei watch gt rekam analisis data latih cerdas identifikasi periode dasar periode angkat periode konsolidasi periode sesuai tingkat tuju atletik sesuai intensitas latih tahap tingkat volume latih tahap tingkat lari
284,https://tekno.sindonews.com/read/593345/776/tidak-hanya-canggih-dan-berdesain-keren-smartwatch-huawei-watch-gt-3-hadir-tingkatkan-kualitas-hidup-1636373509,"Baterai Tahan Lama. Dalam gaya hidup yang serba cepat dengan mobilitas yang dinamis dan tinggi, penting untuk memiliki perangkat yang dapat bertahan lebih lama tanpa mengisi daya sehingga mengurangi kerepotan sepanjang hari. Namun tidak perlu khawatir lagi karena HUAWEI WATCH GT 3 46mm mendukung daya tahan baterai 14 hari dalam penggunaan biasa, sementara HUAWEI WATCH GT 3 42mm menawarkan daya tahan baterai 7 hari dalam penggunaan biasa. Daya tahan baterai yang lebih lama memastikan pengguna dapat memakainya sepanjang hari dan menggunakannya terus menerus, bahkan saat tidur.",baterai tahan gaya hidup serba cepat mobilitas dinamis milik perangkat tahan isi daya repot khawatir huawei watch gt mm dukung daya tahan baterai huawei watch gt mm tawar daya tahan baterai daya tahan baterai pakai tidur
285,https://tekno.sindonews.com/read/593311/776/ini-printer-yang-bisa-bikin-untung-dengan-bropack-xtra-proteksi-1636369909,"Nah, untuk mengaktifkan garansi Bropack, syaratnya sangat mudah. Anda cukup mendaftar dengan melengkapi data pribadi, seperti nama, alamat, nomor telepon, dan email. Lalu, Anda sudah bisa mengaktifkan garansi BroPack. Anda juga bisa dengan mudah mengklaim Bropack Xtra Proteksi dengan menghubungi 0800-1-40-1656 atau Whatsapp 0811-8055-595. Untuk mendapatkan keuntungan Bropack Xtra Proteksi ini Anda bisa langsung kunjungi official store Brother Indonesia di Shopee. Yuk, segera miliki printer Brother sesuai dengan kebutuhan dan nikmati sederet keuntungannya dengan Bropack Xtra Proteksi di sini.",aktif garansi bropack syarat mudah daftar lengkap data pribadi nama alamat nomor telepon email aktif garansi bropack mudah klaim bropack xtra proteksi hubung --- whatsapp--untung bropack xtra proteksi langsung kunjung official store brother indonesia shopee yuk milik printer brother sesuai butuh nikmat deret untung bropack xtra proteksi
286,https://tekno.sindonews.com/read/590474/776/seru-seruan-dengan-oppo-omoji-di-coloros-12-begini-caranya-1636096315,"Untuk user interface-nya sendiri sudah sangat baik dan mudah di-navigasikan. Respons gerakannya mulus, latensinya juga rendah. Adapun semua gerakan dan ekspresi wajah dapat terkover dengan baik. Omoji bisa mengikuti gerakan kepala penggunanya, bahkan saat berkedip, tertawa, tersenyum, dan bergerak ke kiri dan ke kanan. Berikut cara menggunakan Omoji: 1. Buka aplikasi Omoji, 2. Geser layar ke kanan untuk melihat tampilan aplikasi., 3. Sentuh “Create an Omoji”., 4. Silahkan mengubah-ubah Omoji berdasarkan 10 elemen yang disediakan., 5. Setelah selesai, gunakan tombol “Use Emoji”. Atau, jika masih ingin mengutak-atik, sentuh menu “Customize Omoji”., 6. Nah, hasil Omoji tersimpan di galeri, dan bisa langsung dipakai atau dibagikan ke media sosial sebagai profile picture.",user interface-nya mudah di-navigasikan respons gerak mulus latensi rendah gerak ekspresi wajah kover omoji gerak kepala kedip tertawa senyum gerak kiri kanan omoji buka aplikasi omoji geser layar kanan lihat tampil aplikasi sentuh create an omoji silah ubah omoji dasar elemen sedia selesai tombol use emoji utak-atik sentuh menu customize omoji hasil omoji simpan galeri langsung pakai media sosial profile picture
290,https://tekno.sindonews.com/read/576022/776/begini-cara-mendapatkan-oppo-reno6-wave-limited-edition-cuma-cuma-1634868619,"Selain itu, ada juga WaVe Exclusive Fan Kit yang akan dibagikan dalam rangkaian event AOV 5th Anniversary dan launching WaVe yang berisi lightstick, tumbler, masker, 4 photocard, dan USB berisi album WaVe. Bagaimana cara mendapatkan OPPO Reno6 WaVe Special Limited Edition? Lucky Spin bertema WaVe sudah hadir sejak 8 Oktober dan masih akan berlangsung sampai 14 November 2021 mendatang. Untuk bisa memainkan event ini, pemain harus memiliki WaVe Fanatic Ticket yang bisa di dapatkan dari misi spesial:",wave exclusive fan kit rangkai event aov th anniversary launching wave isi lightstick tumbler masker photocard usb isi album wave oppo reno wave special limited edition lucky spin tema wave hadir oktober langsung november main event main milik wave fanatic ticket misi spesial
302,https://tekno.sindonews.com/read/512958/776/telkomsel-maknai-kemerdekaan-ri-ke-76-dengan-semangat-tetap-tangguh-dan-terus-bukapeluangtumbuh-untuk-indonesia-1629137291,"Telkomsel juga menghadirkan berbagai program khusus bagi pengembangan talenta digital Indonesia, diantaranya seperti program Tinc yang fokus mengakselerasi startup tanah air di tahap seed funding dan memperkuat nilai yang dapat diberikannya bagi target sasaran. The NextDev yang hadir sebagai wadah bagi talenta digital Indonesia dalam menghadirkan solusi berbasis aplikasi yang mampu memberikan kontribusi nyata bagi kemajuan bangsa, program IndonesiaNEXT untuk mendukung pertumbuhan semangat siap kerja dan kewirausahaan demi meningkatkan daya saing generasi muda kita hingga ke tingkat global. Tak ketinggalan, Telkomsel membuka lab inovasi Inno[X]tion untuk meningkatkan kapabilitas SDM Telkomsel sehingga mampu memberi nilai tambah yang mampu membantu pertumbuhan negeri di setiap produk, layanan, dan inovasi yang dirancang.",telkomsel hadir program khusus kembang talenta digital indonesia program tinc fokus akselerasi startup tanah air tahap seed funding kuat nilai target sasar the nextdev hadir wadah talenta digital indonesia hadir solusi basis aplikasi kontribusi nyata maju bangsa program indonesianext dukung tumbuh semangat kerja kewirausahaan tingkat daya saing generasi muda tingkat global tinggal telkomsel buka lab inovasi inno x tion tingkat kapabilitas sdm telkomsel nilai bantu tumbuh negeri produk layan inovasi rancang
308,https://tekno.sindonews.com/read/474336/776/zte-dan-telkomsel-hadirkan-skenario-penggunaan-5g-pada-peluncuran-telkomsel-5g-1625450849,"""Komitmen kami selanjutnya adalah memastikan manfaat 5G dapat dirasakan bagi semua lapisan masyarakat Indonesia,"" ucapnya. Ia juga menyatakan Telkomsel secara bertahap akan memperluas jangkauan 5G dan mengembangkan solusi digital melalui layanan 5G dengan kualitas terbaik, jaringan berkecepatan tinggi, dan latensi rendah, yang lebih baik dari 4G. ""Kami berharap untuk dapat memperkuat kolaborasi kami dengan ZTE serta pemangku kepentingan lainnya dalam ekosistem 5G untuk menyediakan jaringan, layanan, serta solusi yang bermanfaat dan dapat diakses oleh lintas industri, pemerintah, maupun masyarakat umum,"" katanya.",komitmen manfaat g lapis masyarakat indonesia nyata telkomsel tahap luas jangkau g kembang solusi digital layan g kualitas jaring cepat latensi rendah g harap kuat kolaborasi zte pangku ekosistem g sedia jaring layan solusi manfaat akses lintas industri perintah masyarakat
312,https://otomotif.sindonews.com/read/787347/778/begini-sensasi-mengendarai-all-new-hondabr-v-untuk-perjalanan-jauh-bersama-keluarga-1654236414,"4. Hemat Bahan Bakar. SINDOnews cukup kagum dengan pengalaman berkendara yang mengasyikkan, ternyata All New HondaBR-V tetap hemat konsumsi bahan bakarnya. Di atas kertas, lebih irit 3% dibanding model sebelumnya. Ini penting, terutama saat mudik dan membawa banyak anggota keluarga. Bahan bakar yang irit selalu jadi nilai plus. Catatan SINDOnews di jalan tol Jakarta-Semarang mencapai 22 km/liter.",hemat bahan bakar sindonews kagum alam kendara asyik nyata all new hondabr-v hemat konsumsi bahan bakar kertas irit banding model utama mudik bawa anggota keluarga bahan bakar irit nilai plus catat sindonews jalan tol jakarta-semarang capai km liter
314,https://otomotif.sindonews.com/read/747837/778/perbandingan-antara-honda-br-v-lama-dan-baru-signifikan-bedanya-1650362675,"Antara lain penyempurnaan penutup kepala mesin serta meningkatkan kemampuan penutup uretan untuk mengurangi radiasi suara mesin. Lalu, getaran dipangkas lewat side mounted dengna modul dinamis, perbaikan di trans mounting, serta dudukan batang torsi. Ada juga aplikasi spray foaming di di area panel bodi untuk meningkatkan keheningan, serta mencegah masuknya debu dan bau tidak sedap dari luar, yang meningkatan tingkat kedap udara kabin lebih dari 60 persen.",sempurna tutup kepala mesin tingkat tutup uretan radiasi suara mesin getar pangkas side mounted dengna modul dinamis trans mounting duduk batang torsi aplikasi spray foaming area panel bodi tingkat hening cegah masuk debu bau sedap tingkat tingkat kedap udara kabin persen
314,https://otomotif.sindonews.com/read/747837/778/perbandingan-antara-honda-br-v-lama-dan-baru-signifikan-bedanya-1650362675,"6. Fitur Baru. Lebih canggih, All New Honda BR-V menyimpan banyak fitur baru. Misalnya, remote engine start untuk menghidupkan mesin lewat sentuhan tombol di remote. Pemilik mobil bisa menyalakan mesin dan menghidupkan mesin dari jarak jauh (mulai dari tipe E CVT). Fitur ini sebelumnya ada di Honda City HB RS dan Honda CR-V 2021. Lainnya itu, ada Walk-Away Auto Lock yang secara otomatis mengunci kendaraan saat pengemudi meninggalkan kendaraan atau pemegang kunci berada 2 meter dari kendaraan (praktis apabila tangan sedang full membawa barang).",fitur canggih all new honda br-v simpan fitur remote engine start hidup mesin sentuh tombol remote milik mobil nyala mesin hidup mesin jarak tipe e cvt fitur honda city hb rs honda cr-v walk-away auto lock otomatis kunci kendara kemudi tinggal kendara pegang kunci meter kendara praktis tangan full bawa barang
315,https://otomotif.sindonews.com/read/740347/778/5-keunggulan-all-new-honda-br-v-nyaman-untuk-harian-hingga-mudik-lebaran-1649682288,"3. Ground Clearance Tinggi. Di atas kertas, All Honda BR-V memiliki ground clearance mumpuni untuk menghadapi segala medan jalan. Seberapa tinggi ground clearance All New Honda BR-V? Jawabannya adalah 220 mm, lebih tinggi dibanding Honda BR-V generasi sebelumnya yang 201 mm. Apakah ground clearance All New Honda BR-V paling tinggi? Jawabannya tidak.",ground clearance kertas all honda br-v milik ground clearance mumpuni hadap medan jalan ground clearance all new honda br-v mm banding honda br-v generasi mm ground clearance all new honda br-v
316,https://otomotif.sindonews.com/read/737447/778/sediakan-layanan-after-sales-mitsubishi-tawarkan-banyak-diskon-di-iims-2022-1649408664,"Berbagai promo menarik yang ditawarkan ini berupa diskon mulai dari 5% hingga 34% untuk pembelian aksesoris maupun suku cadang. Di antaranya, diskon 10% untuk pembelian paket genuine accessories New Xpander, bagi konsumen yang melakukan pembelian New Xpander di event IIMS 2022. Diskon ini berlaku untuk seluruh paket Genuine Accessories Mitsubishi (kecuali safety). Paket aksesoris tersebut berupa Interior, Basic, Safety, Airdam, Aero, Aero Plus, Platinum.",promo tarik tawar rupa diskon beli aksesoris suku cadang diskon beli paket genuine accessories new xpander konsumen laku beli new xpander event iims diskon laku paket genuine accessories mitsubishi kecuali safety paket aksesoris rupa interior basic safety airdam aero aero plus platinum
317,https://otomotif.sindonews.com/read/737143/778/hadir-di-iims-2022-mitsubishi-motors-berikan-booth-experience-hingga-promo-menarik-1649394271,"3. Pajero Sport. Promo bisa dipilih antara Down payment ringan mulai 15%, atau Bunga ringan 0% sampai dengan tenor 1 tahun, atau Extended SMART package 1 tahun/ 20.000 km. Paket Smart Cash dengan Bunga 0% dan gratis asuransi serta biaya admin, gratis kaca film V-kool, dan gratis Paket SMART SILVER untuk perawatan/servis berkala hingga 50.000 km atau 4 tahun (validasi faktur Februari 2022). Cashback hingga jutaan rupiah untuk varian Pajero Sport Dakar 4x2 tahun perakiran 2022 dan jangan lewatkan hadiah souvenir menarik untuk tiap SPK selama pameran.",pajero sport promo pilih down payment ringan bunga ringan tenor extended smart package km paket smart cash bunga gratis asuransi biaya admin gratis kaca film v-kool gratis paket smart silver rawat servis km validasi faktur februari cashback juta rupiah varian pajero sport dakar x perakiran hadiah souvenir tarik spk pamer
